code,status
YL-25FH4-EX9M4,unused
YL-2AZCX-S793G,unused
YL-2BWJE-RYXS5,unused
YL-2FYQM-77FLM,unused
YL-2KBPF-9RRBV,unused
YL-2KUEM-TZF3T,unused
YL-2S6WV-SUDYW,unused
YL-2T5PZ-XMEGR,unused
YL-2ZFST-JUTWH,unused
YL-2ZMNQ-A6E7M,unused
YL-338AX-WU4JJ,unused
YL-343G4-QHC33,unused
YL-36ESC-LCYDD,unused
YL-379ND-HMKD4,unused
YL-39XFW-LJBZ3,unused
YL-3ED3N-A8CUN,unused
YL-3NENL-M9XDN,unused
YL-3QSK4-AFMRT,unused
YL-3QZ8V-NXP6E,unused
YL-3RZ9S-RN5NP,unused
YL-3TMWN-BE9BN,unused
YL-3U6R7-KP7NZ,unused
YL-3V7AX-ARPDJ,unused
YL-3WMC5-9PF4C,unused
YL-44FYS-79YFX,unused
YL-4CQPL-9AUVQ,unused
YL-4D5VJ-UJ72A,unused
YL-4H2UL-FXXR5,unused
YL-4L82C-RCMY4,unused
YL-4QU47-LQSFN,unused
YL-4TSFA-4LC4F,unused
YL-4VL3N-7AFNZ,unused
YL-4VNX6-KKTRF,unused
YL-4VY57-6WVQH,unused
YL-534L6-GXLUK,unused
YL-54793-23TWB,unused
YL-57EKJ-9VNFT,unused
YL-57T3G-XV537,unused
YL-589F4-GDSDZ,unused
YL-58GVL-LYP2F,unused
YL-5D4A9-ZG2HR,unused
YL-5E89G-DB9GP,unused
YL-5ERQS-5RLTE,unused
YL-5HMBU-CHLKP,unused
YL-5K4DR-ZGWCX,unused
YL-5NW77-ZZPR2,unused
YL-5SCQU-3D3DX,unused
YL-5T867-Z6F4C,unused
YL-5WQF3-5VF6U,unused
YL-5WYZB-EAHAA,unused
YL-5XASV-T7FTG,unused
YL-5YBU8-8QP26,unused
YL-64Z47-MKRSS,unused
YL-69U3F-FFK5K,unused
YL-6AE67-K82GK,unused
YL-6DGM6-JZKPF,unused
YL-6E7HR-GXWHY,unused
YL-6EV93-WF9XU,unused
YL-6G595-4PSR5,unused
YL-6HLHL-AER5B,unused
YL-6KCLT-CZATG,unused
YL-6LN3P-KFK9N,unused
YL-6LNKD-EUESC,unused
YL-6N32F-X8LCK,unused
YL-6Q2UL-DLL6P,unused
YL-6RSXN-475XN,unused
YL-6UCFH-JW5S9,unused
YL-6VVVP-NQ3F6,unused
YL-77LW6-HVSMX,unused
YL-78LN6-6W4LW,unused
YL-7GKCE-PUG55,unused
YL-7HCVL-W92ZV,unused
YL-7J82P-GPAQ3,unused
YL-7QXL8-LZ9LA,unused
YL-7SZHR-2VN2R,unused
YL-7T7KA-UDWZX,unused
YL-7UYC9-ZN8VY,unused
YL-82BX2-R5GR5,unused
YL-844G7-Y3KPS,unused
YL-87UWV-5BE5C,unused
YL-88C9B-PSS8J,unused
YL-88TC9-S5ZEE,unused
YL-896S9-CDR8G,unused
YL-8ER4K-XHG8K,unused
YL-8HBXQ-VP9Y8,unused
YL-8JHUQ-HUSU3,unused
YL-8N6EK-8Z75H,unused
YL-8NMZP-HQMWT,unused
YL-8PSSQ-5Q2PG,unused
YL-8Q5RU-MJSZ6,unused
YL-8QUGV-76HC6,unused
YL-8T32T-BHT7J,unused
YL-8WSXM-87CZ8,unused
YL-8WYCQ-5Z6JT,unused
YL-92RKD-YE66V,unused
YL-98JZH-4VAD6,unused
YL-9ESF5-QJ32X,unused
YL-9FDPH-Y8V2Q,unused
YL-9G26G-PHZC7,unused
YL-9SJRE-L5RMG,unused
YL-9TW6B-5PMGE,unused
YL-9V3A8-D2EXU,unused
YL-9VWPK-VHN3M,unused
YL-9XEST-DTFJM,unused
YL-9ZDZM-4EFLG,unused
YL-9ZM85-XQNZW,unused
YL-9ZYFH-4TYZF,unused
YL-A2RMY-ZZE2N,unused
YL-A4HH7-AEQCE,unused
YL-A9CWD-B99WA,unused
YL-ADDGG-NY85L,unused
YL-AF5SK-XCPF6,unused
YL-AJZYZ-YTCGG,unused
YL-AL3RJ-8X6CQ,unused
YL-ALQN6-9963K,unused
YL-AMHQ7-W85EP,unused
YL-APDZ9-TCCFZ,unused
YL-AQNEZ-9ZHJN,unused
YL-AR4N4-ZCPEL,unused
YL-ARL5G-GWWLH,unused
YL-ATJ88-WZTV9,unused
YL-AUY64-QPHXG,unused
YL-AUYBS-HSLBA,unused
YL-AWUX9-LGFX9,unused
YL-AXG3J-FZNQH,unused
YL-B5EHG-2G7F6,unused
YL-B6L39-VVWCB,unused
YL-B9QUE-XUSC9,unused
YL-BATDK-CMY9Q,unused
YL-BCXQ3-DC4JK,unused
YL-BDN59-NDHP6,unused
YL-BE4GD-VMW6C,unused
YL-BMM3Z-VJU5Z,unused
YL-BMPFY-PZQAZ,unused
YL-BNXU9-ZZBPP,unused
YL-BPLSQ-RC8KX,unused
YL-BPXUY-3ZZJR,unused
YL-BSLP4-WEQMJ,unused
YL-BUCR7-P2DTG,unused
YL-BWA5J-L3W64,unused
YL-BXH93-ZPWJC,unused
YL-C6SP4-JS7ZK,unused
YL-C7ENA-QKWXC,unused
YL-C9AKD-4L36N,unused
YL-C9D3Y-56LLY,unused
YL-CCY4Z-PPRCH,unused
YL-CKE2M-ZWKDC,unused
YL-CM3L4-FD3QK,unused
YL-CR4QG-79UL4,unused
YL-CSU2D-RW2HC,unused
YL-CWF8V-G4CMB,unused
YL-CXCTX-MV2TV,unused
YL-DB3WZ-C9M67,unused
YL-DBKTT-9J25E,unused
YL-DERYG-XZ3FT,unused
YL-DHJLP-WFEXZ,unused
YL-DP3MT-TQ3CL,unused
YL-DPJV6-Q777V,unused
YL-DQ5MG-JC7XC,unused
YL-DQ92Z-VDXC4,unused
YL-DRMQ2-BN45G,unused
YL-DT4FT-JJBR3,unused
YL-DV7QP-NHARH,unused
YL-DYM3F-DA2BR,unused
YL-E27G8-WL5EH,unused
YL-E7VLN-DNJAJ,unused
YL-E888J-FHVKP,unused
YL-E9HX9-6GSYP,unused
YL-EC5X2-MPGPE,unused
YL-EFEVU-CVVHX,unused
YL-EFYX3-ARG9C,unused
YL-EGS8A-XL9BN,unused
YL-ELABZ-VEAUN,unused
YL-ETUJN-LERVA,unused
YL-EYRBM-JB2WU,unused
YL-EZARE-FPCFZ,unused
YL-F2FPS-ZE7G5,unused
YL-F7R3H-KSQ6B,unused
YL-F9YKZ-FM3YV,unused
YL-FAPHQ-H5F5G,unused
YL-FB87G-JLFPP,unused
YL-FCFX4-HJUNF,unused
YL-FDY87-YZDP5,unused
YL-FED5Q-K3PCZ,unused
YL-FED6M-DRFGU,unused
YL-FFHSE-KW4DU,unused
YL-FFRFC-YEES6,unused
YL-FHBMT-MZRYV,unused
YL-FHUAZ-5E6LG,unused
YL-FPN3Y-LU826,unused
YL-FPU5T-NTEXC,unused
YL-FRCTX-8UPQU,unused
YL-FUVG4-96TBC,unused
YL-FVSNY-TQCNJ,unused
YL-FX9SK-JAQAG,unused
YL-FYGVU-RFZHJ,unused
YL-FZ2H8-RWM3J,unused
YL-FZ3TX-9BFV7,unused
YL-G4FVZ-AGF6X,unused
YL-G5XUS-ENZ45,unused
YL-G6ZWS-S8B93,unused
YL-G869K-ALRLF,unused
YL-GA6NW-NC5MY,unused
YL-GHAET-YMUHQ,unused
YL-GNGBT-9DPUW,unused
YL-GNKMC-AHYZS,unused
YL-GNXZY-CAC5R,unused
YL-GPDSJ-39W24,unused
YL-GTU8G-TSWE4,unused
YL-GWEAX-LDSCF,unused
YL-GZ3G8-46BPE,unused
YL-H65KX-CSKBZ,unused
YL-H9XW7-E6C3G,unused
YL-HC7NJ-ZSA7U,unused
YL-HCTAM-VLEME,unused
YL-HD63V-7BUGE,unused
YL-HDD3H-F6TPH,unused
YL-HF8A7-ZB3WV,unused
YL-HPALL-4KV32,unused
YL-HQRUD-G5MBH,unused
YL-HRDTK-U647A,unused
YL-HRWYT-4FL9P,unused
YL-HYF87-CU5AG,unused
YL-HYJ53-NRV53,unused
YL-HYU7G-QZSRD,unused
YL-J35G3-GGC2X,unused
YL-J47L2-25U89,unused
YL-JA37L-TVEGL,unused
YL-JAUV8-EDY43,unused
YL-JCCHY-AC2TD,unused
YL-JF5F8-BDGTC,unused
YL-JPJNJ-ZHZZY,unused
YL-JPXGP-QU85F,unused
YL-JWMRR-YGXCH,unused
YL-JXCPM-BLP55,unused
YL-K5QF4-9LNBS,unused
YL-KDSR2-B9CKH,unused
YL-KPWZJ-L7ZA7,unused
YL-KS5S2-PYBNS,unused
YL-KTDWQ-WXDBC,unused
YL-KUSQD-ZNVE8,unused
YL-KV9CX-9NKCC,unused
YL-KZFB7-CBFGG,unused
YL-LCA6A-HDSLQ,unused
YL-LF3GR-ZYZ85,unused
YL-LGXDH-CP76C,unused
YL-LKL3K-G9U69,unused
YL-LMYSW-RP8NV,unused
YL-LNEAK-JVDAY,unused
YL-LR9HG-KWHW7,unused
YL-LXZW3-KS9BA,unused
YL-M4F8B-ACQR2,unused
YL-MDBDE-CEASU,unused
YL-MEFZM-ZKAQ5,unused
YL-MHLXW-8QXDR,unused
YL-MHZ8B-U3Y53,unused
YL-MNBF8-95CWL,unused
YL-MQDHP-5JB89,unused
YL-MQJSZ-UL4G4,unused
YL-MSRCF-FMLVE,unused
YL-MTLTQ-RF83X,unused
YL-MWBH3-K9TNW,unused
YL-MWWPJ-7TV2E,unused
YL-MXL2V-CJTFC,unused
YL-MZZWM-26MVG,unused
YL-N6VSR-RNQHN,unused
YL-N7MY4-7WWAR,unused
YL-NBJGY-5SWZU,unused
YL-NCD2D-5T4H3,unused
YL-NF5J3-KSKSU,unused
YL-NJUKD-8DASX,unused
YL-NPFHD-V5V6B,unused
YL-NVDYG-YV67S,unused
YL-NVUWB-QAAAS,unused
YL-NZRUJ-73XND,unused
YL-P29ZD-RL22Q,unused
YL-P2EJH-5YKCQ,unused
YL-P62BL-F7YPL,unused
YL-P9QZ3-LC88U,unused
YL-PB7WV-BRV3N,unused
YL-PGX4N-NKGYP,unused
YL-PNWJP-EVVMK,unused
YL-PP7UW-73M2P,unused
YL-PPZHS-U2PYX,unused
YL-PQPC3-54PFM,unused
YL-PQSFC-JAXTV,unused
YL-PR43B-A326T,unused
YL-PUHZV-PVJA6,unused
YL-PX43G-RXSZU,unused
YL-PYG3P-YNTDC,unused
YL-Q25KF-DSSGY,unused
YL-Q2NE9-C4S66,unused
YL-QB5X9-S3FWK,unused
YL-QDGVN-BUN7Q,unused
YL-QHQPQ-UZWEX,unused
YL-QHVJK-ZWKXR,unused
YL-QJ65F-TD7MA,unused
YL-QPSC3-PQ9PJ,unused
YL-QT2TH-NZNH4,unused
YL-QXJX5-SR8KC,unused
YL-R4XBW-7LXEX,unused
YL-R7QWL-BG9WJ,unused
YL-RACUS-EREDN,unused
YL-RBWVN-D3RPH,unused
YL-RGFJV-3K59U,unused
YL-RHX3K-NUVE6,unused
YL-RJJ2W-YF4K8,unused
YL-S3JM2-S2EBW,unused
YL-S53P3-Q8UNQ,unused
YL-SA9CA-TBZP5,unused
YL-SCACU-K7JVF,unused
YL-SL8TW-3CHJ3,unused
YL-SLCAP-GD4BA,unused
YL-SLLA4-84CGD,unused
YL-SNES8-ZELJM,unused
YL-SNGG7-A925Z,unused
YL-SNUTN-6L78N,unused
YL-SRAVE-L8YZY,unused
YL-STPJA-R8KK3,unused
YL-SU2FV-ZXACV,unused
YL-SVJGM-5GLXJ,unused
YL-SZUL2-9BTTU,unused
YL-SZZDX-R25J3,unused
YL-TBLT2-FB8EJ,unused
YL-TJUWM-B3DJZ,unused
YL-TKQSD-EP3XB,unused
YL-TLYN7-LXDCN,unused
YL-TRHPL-QCEVP,unused
YL-TVQ5Z-LJPDG,unused
YL-U5DB2-4DDFL,unused
YL-U7G37-6VPXG,unused
YL-UE9J6-W4WZR,unused
YL-UEAGX-ZXWMU,unused
YL-UFZHT-DJF5R,unused
YL-UKMMS-XCN6S,unused
YL-UKZJP-RUJCN,unused
YL-ULPFV-6TYK6,unused
YL-UM5EL-NJ794,unused
YL-USB2C-KF8TG,unused
YL-UT5B6-D2BHP,unused
YL-UUJUC-US5D4,unused
YL-UVFBG-W9BG4,unused
YL-V4CMY-C85K2,unused
YL-V8H3P-2MUGH,unused
YL-V9PZS-M4F6F,unused
YL-VA82H-KAB46,unused
YL-VAEB4-5KE66,unused
YL-VB82R-MM8D6,unused
YL-VBNQB-FDUWX,unused
YL-VGGRY-WZJ9K,unused
YL-VKYNZ-NK6HX,unused
YL-VNG3C-HXD6G,unused
YL-VQQFM-EJMCT,unused
YL-VVUW3-NVM2M,unused
YL-VXPNQ-HMWDR,unused
YL-VYFAP-H72SV,unused
YL-W426B-WPNXJ,unused
YL-W76VX-5VRMJ,unused
YL-W7DQJ-D6F2R,unused
YL-W9EA2-TNG3Y,unused
YL-WBTUK-WFVTS,unused
YL-WCR8G-25NSD,unused
YL-WJVAH-S6JUB,unused
YL-WNG2F-Y2Z66,unused
YL-WRVPJ-XVTKU,unused
YL-WT65N-RMKE2,unused
YL-WTDZS-MZA23,unused
YL-WUJJW-342LJ,unused
YL-WZ8RV-UXWR5,unused
YL-X4E7Q-VYN3S,unused
YL-X5FKL-CYGAR,unused
YL-X79BQ-9W3XM,unused
YL-X8P2X-R8EV8,unused
YL-XA4ZX-FQDNF,unused
YL-XDHTG-8L46D,unused
YL-XE8W8-HJ3MF,unused
YL-XHQ3V-NRTD2,unused
YL-XPCSL-ZEKCJ,unused
YL-XR7FR-3P4PT,unused
YL-XSPC5-2NRS8,unused
YL-XVHW2-Q9A57,unused
YL-Y39TL-2FMJH,unused
YL-Y5DAZ-ZG55X,unused
YL-Y6CCY-FY29W,unused
YL-Y8ZSD-2TS2T,unused
YL-YCZEV-9QAWT,unused
YL-YCZHV-HX37A,unused
YL-YDSSC-BCBNG,unused
YL-YDYXU-NVJ5Q,unused
YL-YKVL5-X26XM,unused
YL-YLHB5-LUJV9,unused
YL-YSWQN-2F9WY,unused
YL-YW58J-X5SEZ,unused
YL-Z3A32-ARFMW,unused
YL-ZF4LM-52BJP,unused
YL-ZFGWD-UPZL6,unused
YL-ZLK5H-CLMKV,unused
YL-ZNNN2-LMQP9,unused
YL-ZSM8N-SC8FF,unused
YL-ZZAG9-3J28M,unused
